id,brand,product,source,language,review_text,sentiment_label,sentiment_id,sarcastic
REDDIT_0,Samsung,galaxy s24,reddit,en,1 Month with the Galaxy S24 (256GB Snapdragon) â€” My Honest Experience,,,
REDDIT_1,Samsung,galaxy s24,reddit,en,Finally decided to go with the Samsung Galaxy S24 any last thoughts before I hit buy?,,,
REDDIT_2,Samsung,galaxy s24,reddit,en,Galaxy S24 worst choice,,,
REDDIT_3,Samsung,galaxy s24,reddit,en,What do you think about the samsung s24,,,
REDDIT_4,Samsung,galaxy s24,reddit,en,I can't believe Internet basically considers S24 FE better than the vanilla S24â€¦ ðŸ« ,,,
REDDIT_5,Samsung,galaxy s24,reddit,tl,Finally got my Samsung S24!,,,
REDDIT_6,Samsung,galaxy s24,reddit,en,Which Samsung Galaxy do you miss the most? ðŸ¥¹,,,
REDDIT_7,Samsung,galaxy s24,reddit,en,"The Samsung Galaxy S26 Pro will use the same cameras as the S25, S24, S23, S22 [IceUniverse]",,,
REDDIT_8,Samsung,galaxy s24,reddit,en,Samsung is now manufacturing Galaxy S24 in India at Noida factory.,,,
REDDIT_9,Samsung,galaxy s24,reddit,en,Samsung just announced the Galaxy S25: Here's everything you need to know!,,,
REDDIT_10,Samsung,galaxy s24,reddit,en,[OC] Samsung S24 line beats iPhone in customer satisfaction for first time,,,
REDDIT_11,Samsung,galaxy s24,reddit,en,"The Samsung Galaxy S24 Ultra alongside it's first generation ancestor the Samsung Galaxy, 14 years apart.",,,
REDDIT_12,Samsung,galaxy s24,reddit,pl,"Samsung zrobiÅ‚ promkÄ™ - zwrot 800 zÅ‚ za zakup S24 u partnerÃ³w, wiÄ™c partnerzy (i Samsung) podnieÅ›li ceny o 800 zÅ‚",,,
REDDIT_13,Samsung,galaxy s24,reddit,en,Samsung to Follow iPhone 15 Pro and Use Titanium for Galaxy S24 Ultra,,,
REDDIT_14,Samsung,galaxy s24,reddit,en,"Samsung chairman calls Galaxy S24 series ""more disappointing than iPhone"" at high-level meeting",,,
REDDIT_15,Samsung,galaxy s24,reddit,en,I switched from a Galaxy S24 Ultra to an iPhone 17 pro max.. and I don't think I can ever go back to Android,,,
REDDIT_16,Samsung,galaxy s24,reddit,en,Apple iPhone 16 vs Samsung Galaxy S24 vs Pixel 9: Which one will you pick?,,,
REDDIT_17,Samsung,galaxy s24,reddit,en,The evolution of Samsung Galaxy phones' software strategy,,,
REDDIT_18,Samsung,galaxy s24,reddit,en,Samsung may reduce number of models to 2 for Galaxy S24 series,,,
REDDIT_19,Samsung,galaxy s24,reddit,en,"Let's be honest, Titanum Blue is the best Galaxy S24 Ultra colour ðŸ’™",,,
REDDIT_20,Samsung,galaxy s24,reddit,en,I just realized all my passwords were saved in the clipboard history of my Galaxy S24 Ultra,,,
REDDIT_21,Samsung,galaxy s24,reddit,en,"Samsungâ€™s Galaxy S24 phone might someday have fees for AI usage | Samsung says AI features are ""free until the end of 2025.""",,,
